Województwo,Kwartał,Rok,Ludność,Ludność_100tys
PODLASKIE,1,2016,1188170,11.8817
PODLASKIE,2,2016,1187587,11.87587
PODLASKIE,3,2016,1187403,11.87403
PODLASKIE,4,2016,1186625,11.86625
PODLASKIE,1,2017,1186090,11.8609
PODLASKIE,2,2017,1185174,11.85174
PODLASKIE,3,2017,1185325,11.85325
PODLASKIE,4,2017,1184548,11.84548
PODLASKIE,1,2018,1183071,11.83071
PODLASKIE,2,2018,1182677,11.82677
PODLASKIE,3,2018,1182308,11.82308
PODLASKIE,4,2018,1181533,11.81533
PODLASKIE,1,2019,1179887,11.79887
PODLASKIE,2,2019,1179430,11.7943
PODLASKIE,3,2019,1179126,11.79126
PODLASKIE,4,2019,1178353,11.78353
PODLASKIE,1,2020,1158097,11.58097
PODLASKIE,2,2020,1159881,11.59881
PODLASKIE,3,2020,1157349,11.57349
PODLASKIE,4,2020,1156591,11.56591
PODLASKIE,1,2021,1150215,11.50215
PODLASKIE,2,2021,1152892,11.52892
PODLASKIE,3,2021,1149473,11.49473
PODLASKIE,4,2021,1148720,11.4872
PODLASKIE,1,2022,1144843,11.44843
PODLASKIE,2,2022,1145841,11.45841
PODLASKIE,3,2022,1144105,11.44105
PODLASKIE,4,2022,1143355,11.43355
PODLASKIE,1,2023,1139698,11.39698
PODLASKIE,2,2023,1140681,11.40681
PODLASKIE,3,2023,1138962,11.38962
PODLASKIE,4,2023,1138216,11.38216
PODLASKIE,1,2024,1134115,11.34115
PODLASKIE,2,2024,1135201,11.35201
PODLASKIE,3,2024,1133384,11.33384
PODLASKIE,4,2024,1132641,11.32641
PODKARPACKIE,1,2016,2126508,21.26508
PODKARPACKIE,2,2016,2126824,21.26824
PODKARPACKIE,3,2016,2127688,21.27688
PODKARPACKIE,4,2016,2127656,21.27656
PODKARPACKIE,1,2017,2127989,21.27989
PODKARPACKIE,2,2017,2127687,21.27687
PODKARPACKIE,3,2017,2129170,21.2917
PODKARPACKIE,4,2017,2129138,21.29138
PODKARPACKIE,1,2018,2127867,21.27867
PODKARPACKIE,2,2018,2128747,21.28747
PODKARPACKIE,3,2018,2129047,21.29047
PODKARPACKIE,4,2018,2129015,21.29015
PODKARPACKIE,1,2019,2126017,21.26017
PODKARPACKIE,2,2019,2127462,21.27462
PODKARPACKIE,3,2019,2127196,21.27196
PODKARPACKIE,4,2019,2127164,21.27164
PODKARPACKIE,1,2020,2095035,20.95035
PODKARPACKIE,2,2020,2100838,21.00838
PODKARPACKIE,3,2020,2096197,20.96197
PODKARPACKIE,4,2020,2096166,20.96166
PODKARPACKIE,1,2021,2084807,20.84807
PODKARPACKIE,2,2021,2090816,20.90816
PODKARPACKIE,3,2021,2085963,20.85963
PODKARPACKIE,4,2021,2085932,20.85932
PODKARPACKIE,1,2022,2077976,20.77976
PODKARPACKIE,2,2022,2081585,20.81585
PODKARPACKIE,3,2022,2079129,20.79129
PODKARPACKIE,4,2022,2079098,20.79098
PODKARPACKIE,1,2023,2070558,20.70558
PODKARPACKIE,2,2023,2075827,20.75827
PODKARPACKIE,3,2023,2071707,20.71707
PODKARPACKIE,4,2023,2071676,20.71676
PODKARPACKIE,1,2024,2061884,20.61884
PODKARPACKIE,2,2024,2067139,20.67139
PODKARPACKIE,3,2024,2063028,20.63028
PODKARPACKIE,4,2024,2062997,20.62997
OPOLSKIE,1,2016,995447,9.95447
OPOLSKIE,2,2016,994489,9.94489
OPOLSKIE,3,2016,994050,9.9405
OPOLSKIE,4,2016,993036,9.93036
OPOLSKIE,1,2017,992473,9.92473
OPOLSKIE,2,2017,991161,9.91161
OPOLSKIE,3,2017,991080,9.9108
OPOLSKIE,4,2017,990069,9.90069
OPOLSKIE,1,2018,988901,9.88901
OPOLSKIE,2,2018,988014,9.88014
OPOLSKIE,3,2018,987514,9.87514
OPOLSKIE,4,2018,986506,9.86506
OPOLSKIE,1,2019,985012,9.85012
OPOLSKIE,2,2019,984345,9.84345
OPOLSKIE,3,2019,983630,9.8363
OPOLSKIE,4,2019,982626,9.82626
OPOLSKIE,1,2020,958165,9.58165
OPOLSKIE,2,2020,959841,9.59841
OPOLSKIE,3,2020,956820,9.5682
OPOLSKIE,4,2020,955844,9.55844
OPOLSKIE,1,2021,950886,9.50886
OPOLSKIE,2,2021,952471,9.52471
OPOLSKIE,3,2021,949552,9.49552
OPOLSKIE,4,2021,948583,9.48583
OPOLSKIE,1,2022,944729,9.44729
OPOLSKIE,2,2022,945179,9.45179
OPOLSKIE,3,2022,943404,9.43404
OPOLSKIE,4,2022,942441,9.42441
OPOLSKIE,1,2023,938999,9.38999
OPOLSKIE,2,2023,939470,9.3947
OPOLSKIE,3,2023,937682,9.37682
OPOLSKIE,4,2023,936725,9.36725
OPOLSKIE,1,2024,932555,9.32555
OPOLSKIE,2,2024,933349,9.33349
OPOLSKIE,3,2024,931246,9.31246
OPOLSKIE,4,2024,930296,9.30296
MAZOWIECKIE,1,2016,5351200,53.512
MAZOWIECKIE,2,2016,5356838,53.56838
MAZOWIECKIE,3,2016,5362848,53.62848
MAZOWIECKIE,4,2016,5365898,53.65898
MAZOWIECKIE,1,2017,5369867,53.69867
MAZOWIECKIE,2,2017,5372579,53.72579
MAZOWIECKIE,3,2017,5381556,53.81556
MAZOWIECKIE,4,2017,5384617,53.84617
MAZOWIECKIE,1,2018,5388611,53.88611
MAZOWIECKIE,2,2018,5391813,53.91813
MAZOWIECKIE,3,2018,5400341,54.00341
MAZOWIECKIE,4,2018,5403412,54.03412
MAZOWIECKIE,1,2019,5408313,54.08313
MAZOWIECKIE,2,2019,5411446,54.11446
MAZOWIECKIE,3,2019,5420086,54.20086
MAZOWIECKIE,4,2019,5423168,54.23168
MAZOWIECKIE,1,2020,5502502,55.02502
MAZOWIECKIE,2,2020,5520619,55.20619
MAZOWIECKIE,3,2020,5514480,55.1448
MAZOWIECKIE,4,2020,5517616,55.17616
MAZOWIECKIE,1,2021,5497693,54.97693
MAZOWIECKIE,2,2021,5513036,55.13036
MAZOWIECKIE,3,2021,5509661,55.09661
MAZOWIECKIE,4,2021,5512794,55.12794
MAZOWIECKIE,1,2022,5495517,54.95517
MAZOWIECKIE,2,2022,5511491,55.11491
MAZOWIECKIE,3,2022,5507480,55.0748
MAZOWIECKIE,4,2022,5510612,55.10612
MAZOWIECKIE,1,2023,5495432,54.95432
MAZOWIECKIE,2,2023,5509351,55.09351
MAZOWIECKIE,3,2023,5507395,55.07395
MAZOWIECKIE,4,2023,5510527,55.10527
MAZOWIECKIE,1,2024,5493233,54.93233
MAZOWIECKIE,2,2024,5510618,55.10618
MAZOWIECKIE,3,2024,5505191,55.05191
MAZOWIECKIE,4,2024,5508322,55.08322
MAŁOPOLSKIE,1,2016,3374574,33.74574
MAŁOPOLSKIE,2,2016,3376329,33.76329
MAŁOPOLSKIE,3,2016,3381177,33.81177
MAŁOPOLSKIE,4,2016,3382260,33.8226
MAŁOPOLSKIE,1,2017,3383673,33.83673
MAŁOPOLSKIE,2,2017,3386162,33.86162
MAŁOPOLSKIE,3,2017,3390294,33.90294
MAŁOPOLSKIE,4,2017,3391380,33.9138
MAŁOPOLSKIE,1,2018,3392849,33.92849
MAŁOPOLSKIE,2,2018,3395663,33.95663
MAŁOPOLSKIE,3,2018,3399488,33.99488
MAŁOPOLSKIE,4,2018,3400577,34.00577
MAŁOPOLSKIE,1,2019,3403150,34.0315
MAŁOPOLSKIE,2,2019,3404863,34.04863
MAŁOPOLSKIE,3,2019,3409808,34.09808
MAŁOPOLSKIE,4,2019,3410901,34.10901
MAŁOPOLSKIE,1,2020,3424891,34.24891
MAŁOPOLSKIE,2,2020,3436182,34.36182
MAŁOPOLSKIE,3,2020,3431592,34.31592
MAŁOPOLSKIE,4,2020,3432692,34.32692
MAŁOPOLSKIE,1,2021,3422574,34.22574
MAŁOPOLSKIE,2,2021,3431148,34.31148
MAŁOPOLSKIE,3,2021,3429271,34.29271
MAŁOPOLSKIE,4,2021,3430370,34.3037
MAŁOPOLSKIE,1,2022,3421221,34.21221
MAŁOPOLSKIE,2,2022,3428929,34.28929
MAŁOPOLSKIE,3,2022,3427916,34.27916
MAŁOPOLSKIE,4,2022,3429014,34.29014
MAŁOPOLSKIE,1,2023,3421838,34.21838
MAŁOPOLSKIE,2,2023,3428728,34.28728
MAŁOPOLSKIE,3,2023,3428533,34.28533
MAŁOPOLSKIE,4,2023,3429632,34.29632
MAŁOPOLSKIE,1,2024,3421291,34.21291
MAŁOPOLSKIE,2,2024,3429685,34.29685
MAŁOPOLSKIE,3,2024,3427986,34.27986
MAŁOPOLSKIE,4,2024,3429084,34.29084
ŁÓDZKIE,1,2016,2491154,24.91154
ŁÓDZKIE,2,2016,2488417,24.88417
ŁÓDZKIE,3,2016,2488031,24.88031
ŁÓDZKIE,4,2016,2485323,24.85323
ŁÓDZKIE,1,2017,2482125,24.82125
ŁÓDZKIE,2,2017,2479962,24.79962
ŁÓDZKIE,3,2017,2479013,24.79013
ŁÓDZKIE,4,2017,2476315,24.76315
ŁÓDZKIE,1,2018,2472108,24.72108
ŁÓDZKIE,2,2018,2470610,24.7061
ŁÓDZKIE,3,2018,2469009,24.69009
ŁÓDZKIE,4,2018,2466322,24.66322
ŁÓDZKIE,1,2019,2460538,24.60538
ŁÓDZKIE,2,2019,2460170,24.6017
ŁÓDZKIE,3,2019,2457454,24.57454
ŁÓDZKIE,4,2019,2454779,24.54779
ŁÓDZKIE,1,2020,2421484,24.21484
ŁÓDZKIE,2,2020,2426559,24.26559
ŁÓDZKIE,3,2020,2418448,24.18448
ŁÓDZKIE,4,2020,2415816,24.15816
ŁÓDZKIE,1,2021,2400565,24.00565
ŁÓDZKIE,2,2021,2404850,24.0485
ŁÓDZKIE,3,2021,2397556,23.97556
ŁÓDZKIE,4,2021,2394946,23.94946
ŁÓDZKIE,1,2022,2384063,23.84063
ŁÓDZKIE,2,2022,2385620,23.8562
ŁÓDZKIE,3,2022,2381075,23.81075
ŁÓDZKIE,4,2022,2378483,23.78483
ŁÓDZKIE,1,2023,2368062,23.68062
ŁÓDZKIE,2,2023,2370370,23.7037
ŁÓDZKIE,3,2023,2365093,23.65093
ŁÓDZKIE,4,2023,2362519,23.62519
ŁÓDZKIE,1,2024,2351428,23.51428
ŁÓDZKIE,2,2024,2354135,23.54135
ŁÓDZKIE,3,2024,2348480,23.4848
ŁÓDZKIE,4,2024,2345924,23.45924
LUBUSKIE,1,2016,1017383,10.17383
LUBUSKIE,2,2016,1017450,10.1745
LUBUSKIE,3,2016,1017688,10.17688
LUBUSKIE,4,2016,1017376,10.17376
LUBUSKIE,1,2017,1016839,10.16839
LUBUSKIE,2,2017,1016652,10.16652
LUBUSKIE,3,2017,1017143,10.17143
LUBUSKIE,4,2017,1016832,10.16832
LUBUSKIE,1,2018,1014555,10.14555
LUBUSKIE,2,2018,1015440,10.1544
LUBUSKIE,3,2018,1014859,10.14859
LUBUSKIE,4,2018,1014548,10.14548
LUBUSKIE,1,2019,1011599,10.11599
LUBUSKIE,2,2019,1013031,10.13031
LUBUSKIE,3,2019,1011902,10.11902
LUBUSKIE,4,2019,1011592,10.11592
LUBUSKIE,1,2020,993336,9.93336
LUBUSKIE,2,2020,996361,9.96361
LUBUSKIE,3,2020,993633,9.93633
LUBUSKIE,4,2020,993329,9.93329
LUBUSKIE,1,2021,985494,9.85494
LUBUSKIE,2,2021,989432,9.89432
LUBUSKIE,3,2021,985789,9.85789
LUBUSKIE,4,2021,985487,9.85487
LUBUSKIE,1,2022,979983,9.79983
LUBUSKIE,2,2022,982655,9.82655
LUBUSKIE,3,2022,980276,9.80276
LUBUSKIE,4,2022,979976,9.79976
LUBUSKIE,1,2023,975030,9.7503
LUBUSKIE,2,2023,977493,9.77493
LUBUSKIE,3,2023,975322,9.75322
LUBUSKIE,4,2023,975023,9.75023
LUBUSKIE,1,2024,969826,9.69826
LUBUSKIE,2,2024,972140,9.7214
LUBUSKIE,3,2024,970116,9.70116
LUBUSKIE,4,2024,969819,9.69819
LUBELSKIE,1,2016,2137964,21.37964
LUBELSKIE,2,2016,2135715,21.35715
LUBELSKIE,3,2016,2135547,21.35547
LUBELSKIE,4,2016,2133340,21.3334
LUBELSKIE,1,2017,2130926,21.30926
LUBELSKIE,2,2017,2129260,21.2926
LUBELSKIE,3,2017,2128517,21.28517
LUBELSKIE,4,2017,2126317,21.26317
LUBELSKIE,1,2018,2122209,21.22209
LUBELSKIE,2,2018,2121613,21.21613
LUBELSKIE,3,2018,2119810,21.1981
LUBELSKIE,4,2018,2117619,21.17619
LUBELSKIE,1,2019,2112840,21.1284
LUBELSKIE,2,2019,2112216,21.12216
LUBELSKIE,3,2019,2110451,21.10451
LUBELSKIE,4,2019,2108270,21.0827
LUBELSKIE,1,2020,2061366,20.61366
LUBELSKIE,2,2020,2064992,20.64992
LUBELSKIE,3,2020,2059036,20.59036
LUBELSKIE,4,2020,2056908,20.56908
LUBELSKIE,1,2021,2042717,20.42717
LUBELSKIE,2,2021,2048320,20.4832
LUBELSKIE,3,2021,2040408,20.40408
LUBELSKIE,4,2021,2038299,20.38299
LUBELSKIE,1,2022,2029026,20.29026
LUBELSKIE,2,2022,2030509,20.30509
LUBELSKIE,3,2022,2026732,20.26732
LUBELSKIE,4,2022,2024637,20.24637
LUBELSKIE,1,2023,2015406,20.15406
LUBELSKIE,2,2023,2017807,20.17807
LUBELSKIE,3,2023,2013128,20.13128
LUBELSKIE,4,2023,2011047,20.11047
LUBELSKIE,1,2024,2000767,20.00767
LUBELSKIE,2,2024,2003475,20.03475
LUBELSKIE,3,2024,1998506,19.98506
LUBELSKIE,4,2024,1996440,19.9644
KUJAWSKO-POMORSKIE,1,2016,2084531,20.84531
KUJAWSKO-POMORSKIE,2,2016,2084524,20.84524
KUJAWSKO-POMORSKIE,3,2016,2084778,20.84778
KUJAWSKO-POMORSKIE,4,2016,2083927,20.83927
KUJAWSKO-POMORSKIE,1,2017,2083548,20.83548
KUJAWSKO-POMORSKIE,2,2017,2082935,20.82935
KUJAWSKO-POMORSKIE,3,2017,2083795,20.83795
KUJAWSKO-POMORSKIE,4,2017,2082944,20.82944
KUJAWSKO-POMORSKIE,1,2018,2078377,20.78377
KUJAWSKO-POMORSKIE,2,2018,2079917,20.79917
KUJAWSKO-POMORSKIE,3,2018,2078623,20.78623
KUJAWSKO-POMORSKIE,4,2018,2077775,20.77775
KUJAWSKO-POMORSKIE,1,2019,2072974,20.72974
KUJAWSKO-POMORSKIE,2,2019,2074517,20.74517
KUJAWSKO-POMORSKIE,3,2019,2073219,20.73219
KUJAWSKO-POMORSKIE,4,2019,2072373,20.72373
KUJAWSKO-POMORSKIE,1,2020,2032139,20.32139
KUJAWSKO-POMORSKIE,2,2020,2038881,20.38881
KUJAWSKO-POMORSKIE,3,2020,2032380,20.3238
KUJAWSKO-POMORSKIE,4,2020,2031550,20.3155
KUJAWSKO-POMORSKIE,1,2021,2018305,20.18305
KUJAWSKO-POMORSKIE,2,2021,2023983,20.23983
KUJAWSKO-POMORSKIE,3,2021,2018544,20.18544
KUJAWSKO-POMORSKIE,4,2021,2017720,20.1772
KUJAWSKO-POMORSKIE,1,2022,2007458,20.07458
KUJAWSKO-POMORSKIE,2,2022,2011652,20.11652
KUJAWSKO-POMORSKIE,3,2022,2007696,20.07696
KUJAWSKO-POMORSKIE,4,2022,2006876,20.06876
KUJAWSKO-POMORSKIE,1,2023,1996581,19.96581
KUJAWSKO-POMORSKIE,2,2023,2001670,20.0167
KUJAWSKO-POMORSKIE,3,2023,1996818,19.96818
KUJAWSKO-POMORSKIE,4,2023,1996003,19.96003
KUJAWSKO-POMORSKIE,1,2024,1985054,19.85054
KUJAWSKO-POMORSKIE,2,2024,1990323,19.90323
KUJAWSKO-POMORSKIE,3,2024,1985289,19.85289
KUJAWSKO-POMORSKIE,4,2024,1984479,19.84479
DOLNOŚLĄSKIE,1,2016,2903958,29.03958
DOLNOŚLĄSKIE,2,2016,2903812,29.03812
DOLNOŚLĄSKIE,3,2016,2904567,29.04567
DOLNOŚLĄSKIE,4,2016,2903710,29.0371
DOLNOŚLĄSKIE,1,2017,2902795,29.02795
DOLNOŚLĄSKIE,2,2017,2902365,29.02365
DOLNOŚLĄSKIE,3,2017,2903404,29.03404
DOLNOŚLĄSKIE,4,2017,2902547,29.02547
DOLNOŚLĄSKIE,1,2018,2901473,29.01473
DOLNOŚLĄSKIE,2,2018,2901003,29.01003
DOLNOŚLĄSKIE,3,2018,2902081,29.02081
DOLNOŚLĄSKIE,4,2018,2901225,29.01225
DOLNOŚLĄSKIE,1,2019,2900411,29.00411
DOLNOŚLĄSKIE,2,2019,2899986,28.99986
DOLNOŚLĄSKIE,3,2019,2901019,29.01019
DOLNOŚLĄSKIE,4,2019,2900163,29.00163
DOLNOŚLĄSKIE,1,2020,2908627,29.08627
DOLNOŚLĄSKIE,2,2020,2915582,29.15582
DOLNOŚLĄSKIE,3,2020,2909236,29.09236
DOLNOŚLĄSKIE,4,2020,2908378,29.08378
DOLNOŚLĄSKIE,1,2021,2897985,28.97985
DOLNOŚLĄSKIE,2,2021,2901316,29.01316
DOLNOŚLĄSKIE,3,2021,2898592,28.98592
DOLNOŚLĄSKIE,4,2021,2897737,28.97737
DOLNOŚLĄSKIE,1,2022,2888280,28.8828
DOLNOŚLĄSKIE,2,2022,2892067,28.92067
DOLNOŚLĄSKIE,3,2022,2888885,28.88885
DOLNOŚLĄSKIE,4,2022,2888033,28.88033
DOLNOŚLĄSKIE,1,2023,2879517,28.79517
DOLNOŚLĄSKIE,2,2023,2883133,28.83133
DOLNOŚLĄSKIE,3,2023,2880121,28.80121
DOLNOŚLĄSKIE,4,2023,2879271,28.79271
DOLNOŚLĄSKIE,1,2024,2868487,28.68487
DOLNOŚLĄSKIE,2,2024,2874496,28.74496
DOLNOŚLĄSKIE,3,2024,2869088,28.69088
DOLNOŚLĄSKIE,4,2024,2868242,28.68242
POMORSKIE,1,2016,2309179,23.09179
POMORSKIE,2,2016,2311469,23.11469
POMORSKIE,3,2016,2314321,23.14321
POMORSKIE,4,2016,2315611,23.15611
POMORSKIE,1,2017,2317795,23.17795
POMORSKIE,2,2017,2319735,23.19735
POMORSKIE,3,2017,2322956,23.22956
POMORSKIE,4,2017,2324251,23.24251
POMORSKIE,1,2018,2327041,23.27041
POMORSKIE,2,2018,2328214,23.28214
POMORSKIE,3,2018,2332223,23.32223
POMORSKIE,4,2018,2333523,23.33523
POMORSKIE,1,2019,2337417,23.37417
POMORSKIE,2,2019,2337769,23.37769
POMORSKIE,3,2019,2342622,23.42622
POMORSKIE,4,2019,2343928,23.43928
POMORSKIE,1,2020,2351705,23.51705
POMORSKIE,2,2020,2358302,23.58302
POMORSKIE,3,2020,2356942,23.56942
POMORSKIE,4,2020,2358256,23.58256
POMORSKIE,1,2021,2352174,23.52174
POMORSKIE,2,2021,2357809,23.57809
POMORSKIE,3,2021,2357412,23.57412
POMORSKIE,4,2021,2358726,23.58726
POMORSKIE,1,2022,2351756,23.51756
POMORSKIE,2,2022,2358452,23.58452
POMORSKIE,3,2022,2356993,23.56993
POMORSKIE,4,2022,2358307,23.58307
POMORSKIE,1,2023,2353019,23.53019
POMORSKIE,2,2023,2358323,23.58323
POMORSKIE,3,2023,2358259,23.58259
POMORSKIE,4,2023,2359573,23.59573
POMORSKIE,1,2024,2352939,23.52939
POMORSKIE,2,2024,2359956,23.59956
POMORSKIE,3,2024,2358179,23.58179
POMORSKIE,4,2024,2359493,23.59493
ŚLĄSKIE,1,2016,4565528,45.65528
ŚLĄSKIE,2,2016,4564394,45.64394
ŚLĄSKIE,3,2016,4562580,45.6258
ŚLĄSKIE,4,2016,4559164,45.59164
ŚLĄSKIE,1,2017,4554529,45.54529
ŚLĄSKIE,2,2017,4552627,45.52627
ŚLĄSKIE,3,2017,4551587,45.51587
ŚLĄSKIE,4,2017,4548180,45.4818
ŚLĄSKIE,1,2018,4539894,45.39894
ŚLĄSKIE,2,2018,4540140,45.4014
ŚLĄSKIE,3,2018,4536961,45.36961
ŚLĄSKIE,4,2018,4533565,45.33565
ŚLĄSKIE,1,2019,4523941,45.23941
ŚLĄSKIE,2,2019,4524091,45.24091
ŚLĄSKIE,3,2019,4521019,45.21019
ŚLĄSKIE,4,2019,4517635,45.17635
ŚLĄSKIE,1,2020,4418256,44.18256
ŚLĄSKIE,2,2020,4427845,44.27845
ŚLĄSKIE,3,2020,4415402,44.15402
ŚLĄSKIE,4,2020,4412097,44.12097
ŚLĄSKIE,1,2021,4382056,43.82056
ŚLĄSKIE,2,2021,4392773,43.92773
ŚLĄSKIE,3,2021,4379225,43.79225
ŚLĄSKIE,4,2021,4375947,43.75947
ŚLĄSKIE,1,2022,4352770,43.5277
ŚLĄSKIE,2,2022,4359954,43.59954
ŚLĄSKIE,3,2022,4349958,43.49958
ŚLĄSKIE,4,2022,4346702,43.46702
ŚLĄSKIE,1,2023,4326161,43.26161
ŚLĄSKIE,2,2023,4333066,43.33066
ŚLĄSKIE,3,2023,4323366,43.23366
ŚLĄSKIE,4,2023,4320130,43.2013
ŚLĄSKIE,1,2024,4297432,42.97432
ŚLĄSKIE,2,2024,4305126,43.05126
ŚLĄSKIE,3,2024,4294656,42.94656
ŚLĄSKIE,4,2024,4291441,42.91441
ŚWIĘTOKRZYSKIE,1,2016,1255730,12.5573
ŚWIĘTOKRZYSKIE,2,2016,1254505,12.54505
ŚWIĘTOKRZYSKIE,3,2016,1253981,12.53981
ŚWIĘTOKRZYSKIE,4,2016,1252900,12.529
ŚWIĘTOKRZYSKIE,1,2017,1250550,12.5055
ŚWIĘTOKRZYSKIE,2,2017,1249710,12.4971
ŚWIĘTOKRZYSKIE,3,2017,1248809,12.48809
ŚWIĘTOKRZYSKIE,4,2017,1247732,12.47732
ŚWIĘTOKRZYSKIE,1,2018,1244350,12.4435
ŚWIĘTOKRZYSKIE,2,2018,1244383,12.44383
ŚWIĘTOKRZYSKIE,3,2018,1242617,12.42617
ŚWIĘTOKRZYSKIE,4,2018,1241546,12.41546
ŚWIĘTOKRZYSKIE,1,2019,1236748,12.36748
ŚWIĘTOKRZYSKIE,2,2019,1237369,12.37369
ŚWIĘTOKRZYSKIE,3,2019,1235026,12.35026
ŚWIĘTOKRZYSKIE,4,2019,1233961,12.33961
ŚWIĘTOKRZYSKIE,1,2020,1202294,12.02294
ŚWIĘTOKRZYSKIE,2,2020,1205002,12.05002
ŚWIĘTOKRZYSKIE,3,2020,1200619,12.00619
ŚWIĘTOKRZYSKIE,4,2020,1199584,11.99584
ŚWIĘTOKRZYSKIE,1,2021,1190376,11.90376
ŚWIĘTOKRZYSKIE,2,2021,1193218,11.93218
ŚWIĘTOKRZYSKIE,3,2021,1188718,11.88718
ŚWIĘTOKRZYSKIE,4,2021,1187693,11.87693
ŚWIĘTOKRZYSKIE,1,2022,1180825,11.80825
ŚWIĘTOKRZYSKIE,2,2022,1182161,11.82161
ŚWIĘTOKRZYSKIE,3,2022,1179181,11.79181
ŚWIĘTOKRZYSKIE,4,2022,1178164,11.78164
ŚWIĘTOKRZYSKIE,1,2023,1171138,11.71138
ŚWIĘTOKRZYSKIE,2,2023,1173285,11.73285
ŚWIĘTOKRZYSKIE,3,2023,1169507,11.69507
ŚWIĘTOKRZYSKIE,4,2023,1168499,11.68499
ŚWIĘTOKRZYSKIE,1,2024,1160607,11.60607
ŚWIĘTOKRZYSKIE,2,2024,1163001,11.63001
ŚWIĘTOKRZYSKIE,3,2024,1158990,11.5899
ŚWIĘTOKRZYSKIE,4,2024,1157991,11.57991
WARMIŃSKO-MAZURSKIE,1,2016,1437321,14.37321
WARMIŃSKO-MAZURSKIE,2,2016,1437812,14.37812
WARMIŃSKO-MAZURSKIE,3,2016,1437117,14.37117
WARMIŃSKO-MAZURSKIE,4,2016,1436367,14.36367
WARMIŃSKO-MAZURSKIE,1,2017,1434897,14.34897
WARMIŃSKO-MAZURSKIE,2,2017,1434783,14.34783
WARMIŃSKO-MAZURSKIE,3,2017,1434693,14.34693
WARMIŃSKO-MAZURSKIE,4,2017,1433945,14.33945
WARMIŃSKO-MAZURSKIE,1,2018,1429932,14.29932
WARMIŃSKO-MAZURSKIE,2,2018,1431299,14.31299
WARMIŃSKO-MAZURSKIE,3,2018,1429729,14.29729
WARMIŃSKO-MAZURSKIE,4,2018,1428983,14.28983
WARMIŃSKO-MAZURSKIE,1,2019,1423682,14.23682
WARMIŃSKO-MAZURSKIE,2,2019,1425967,14.25967
WARMIŃSKO-MAZURSKIE,3,2019,1423480,14.2348
WARMIŃSKO-MAZURSKIE,4,2019,1422737,14.22737
WARMIŃSKO-MAZURSKIE,1,2020,1386542,13.86542
WARMIŃSKO-MAZURSKIE,2,2020,1389641,13.89641
WARMIŃSKO-MAZURSKIE,3,2020,1386345,13.86345
WARMIŃSKO-MAZURSKIE,4,2020,1385622,13.85622
WARMIŃSKO-MAZURSKIE,1,2021,1375612,13.75612
WARMIŃSKO-MAZURSKIE,2,2021,1379983,13.79983
WARMIŃSKO-MAZURSKIE,3,2021,1375417,13.75417
WARMIŃSKO-MAZURSKIE,4,2021,1374699,13.74699
WARMIŃSKO-MAZURSKIE,1,2022,1367337,13.67337
WARMIŃSKO-MAZURSKIE,2,2022,1369895,13.69895
WARMIŃSKO-MAZURSKIE,3,2022,1367143,13.67143
WARMIŃSKO-MAZURSKIE,4,2022,1366430,13.6643
WARMIŃSKO-MAZURSKIE,1,2023,1358812,13.58812
WARMIŃSKO-MAZURSKIE,2,2023,1362433,13.62433
WARMIŃSKO-MAZURSKIE,3,2023,1358619,13.58619
WARMIŃSKO-MAZURSKIE,4,2023,1357910,13.5791
WARMIŃSKO-MAZURSKIE,1,2024,1350068,13.50068
WARMIŃSKO-MAZURSKIE,2,2024,1353374,13.53374
WARMIŃSKO-MAZURSKIE,3,2024,1349876,13.49876
WARMIŃSKO-MAZURSKIE,4,2024,1349172,13.49172
WIELKOPOLSKIE,1,2016,3475021,34.75021
WIELKOPOLSKIE,2,2016,3477755,34.77755
WIELKOPOLSKIE,3,2016,3480600,34.806
WIELKOPOLSKIE,4,2016,3481625,34.81625
WIELKOPOLSKIE,1,2017,3482591,34.82591
WIELKOPOLSKIE,2,2017,3484975,34.84975
WIELKOPOLSKIE,3,2017,3488183,34.88183
WIELKOPOLSKIE,4,2017,3489210,34.8921
WIELKOPOLSKIE,1,2018,3487341,34.87341
WIELKOPOLSKIE,2,2018,3490597,34.90597
WIELKOPOLSKIE,3,2018,3492941,34.92941
WIELKOPOLSKIE,4,2018,3493969,34.93969
WIELKOPOLSKIE,1,2019,3492096,34.92096
WIELKOPOLSKIE,2,2019,3495470,34.9547
WIELKOPOLSKIE,3,2019,3497703,34.97703
WIELKOPOLSKIE,4,2019,3498733,34.98733
WIELKOPOLSKIE,1,2020,3500389,35.00389
WIELKOPOLSKIE,2,2020,3510953,35.10953
WIELKOPOLSKIE,3,2020,3506010,35.0601
WIELKOPOLSKIE,4,2020,3507042,35.07042
WIELKOPOLSKIE,1,2021,3493391,34.93391
WIELKOPOLSKIE,2,2021,3502366,35.02366
WIELKOPOLSKIE,3,2021,3499000,34.99
WIELKOPOLSKIE,4,2021,3500030,35.0003
WIELKOPOLSKIE,1,2022,3486950,34.8695
WIELKOPOLSKIE,2,2022,3496307,34.96307
WIELKOPOLSKIE,3,2022,3492549,34.92549
WIELKOPOLSKIE,4,2022,3493577,34.93577
WIELKOPOLSKIE,1,2023,3481357,34.81357
WIELKOPOLSKIE,2,2023,3490364,34.90364
WIELKOPOLSKIE,3,2023,3486946,34.86946
WIELKOPOLSKIE,4,2023,3487973,34.87973
WIELKOPOLSKIE,1,2024,3473385,34.73385
WIELKOPOLSKIE,2,2024,3484177,34.84177
WIELKOPOLSKIE,3,2024,3478962,34.78962
WIELKOPOLSKIE,4,2024,3479986,34.79986
ZACHODNIOPOMORSKIE,1,2016,1709047,17.09047
ZACHODNIOPOMORSKIE,2,2016,1708889,17.08889
ZACHODNIOPOMORSKIE,3,2016,1709139,17.09139
ZACHODNIOPOMORSKIE,4,2016,1708174,17.08174
ZACHODNIOPOMORSKIE,1,2017,1706405,17.06405
ZACHODNIOPOMORSKIE,2,2017,1706579,17.06579
ZACHODNIOPOMORSKIE,3,2017,1706496,17.06496
ZACHODNIOPOMORSKIE,4,2017,1705533,17.05533
ZACHODNIOPOMORSKIE,1,2018,1701899,17.01899
ZACHODNIOPOMORSKIE,2,2018,1703009,17.03009
ZACHODNIOPOMORSKIE,3,2018,1701991,17.01991
ZACHODNIOPOMORSKIE,4,2018,1701030,17.0103
ZACHODNIOPOMORSKIE,1,2019,1697060,16.9706
ZACHODNIOPOMORSKIE,2,2019,1698344,16.98344
ZACHODNIOPOMORSKIE,3,2019,1697151,16.97151
ZACHODNIOPOMORSKIE,4,2019,1696193,16.96193
ZACHODNIOPOMORSKIE,1,2020,1661922,16.61922
ZACHODNIOPOMORSKIE,2,2020,1666245,16.66245
ZACHODNIOPOMORSKIE,3,2020,1662011,16.62011
ZACHODNIOPOMORSKIE,4,2020,1661073,16.61073
ZACHODNIOPOMORSKIE,1,2021,1650864,16.50864
ZACHODNIOPOMORSKIE,2,2021,1655104,16.55104
ZACHODNIOPOMORSKIE,3,2021,1650953,16.50953
ZACHODNIOPOMORSKIE,4,2021,1650021,16.50021
ZACHODNIOPOMORSKIE,1,2022,1641460,16.4146
ZACHODNIOPOMORSKIE,2,2022,1645058,16.45058
ZACHODNIOPOMORSKIE,3,2022,1641548,16.41548
ZACHODNIOPOMORSKIE,4,2022,1640622,16.40622
ZACHODNIOPOMORSKIE,1,2023,1632618,16.32618
ZACHODNIOPOMORSKIE,2,2023,1636293,16.36293
ZACHODNIOPOMORSKIE,3,2023,1632705,16.32705
ZACHODNIOPOMORSKIE,4,2023,1631784,16.31784
ZACHODNIOPOMORSKIE,1,2024,1623589,16.23589
ZACHODNIOPOMORSKIE,2,2024,1626876,16.26876
ZACHODNIOPOMORSKIE,3,2024,1623676,16.23676
ZACHODNIOPOMORSKIE,4,2024,1622760,16.2276
POLSKA,1,2016,38422715,384.22715
POLSKA,2,2016,38426809,384.26809
POLSKA,3,2016,38441515,384.41515
POLSKA,4,2016,38432992,384.32992
POLSKA,1,2017,38423092,384.23092
POLSKA,2,2017,38422346,384.22346
POLSKA,3,2017,38442021,384.42021
POLSKA,4,2017,38433558,384.33558
POLSKA,1,2018,38400478,384.00478
POLSKA,2,2018,38413139,384.13139
POLSKA,3,2018,38419542,384.19542
POLSKA,4,2018,38411148,384.11148
POLSKA,1,2019,38371685,383.71685
POLSKA,2,2019,38386476,383.86476
POLSKA,3,2019,38390892,383.90892
POLSKA,4,2019,38382576,383.82576
POLSKA,1,2020,38076750,380.7675
POLSKA,2,2020,38177724,381.77724
POLSKA,3,2020,38096500,380.965
POLSKA,4,2020,38088564,380.88564
POLSKA,1,2021,37895714,378.95714
POLSKA,2,2021,37989517,379.89517
POLSKA,3,2021,37915534,379.15534
POLSKA,4,2021,37907704,379.07704
POLSKA,1,2022,37754194,377.54194
POLSKA,2,2022,37827355,378.27355
POLSKA,3,2022,37774070,377.7407
POLSKA,4,2022,37766327,377.66327
POLSKA,1,2023,37624226,376.24226
POLSKA,2,2023,37698294,376.98294
POLSKA,3,2023,37644163,376.44163
POLSKA,4,2023,37636508,376.36508
POLSKA,1,2024,37476660,374.7666
POLSKA,2,2024,37563071,375.63071
POLSKA,3,2024,37496653,374.96653
POLSKA,4,2024,37489087,374.89087
PODLASKIE,0,2016,1186625,11.86625
PODLASKIE,0,2017,1184548,11.84548
PODLASKIE,0,2018,1181533,11.81533
PODLASKIE,0,2019,1178353,11.78353
PODLASKIE,0,2020,1156591,11.56591
PODLASKIE,0,2021,1148720,11.4872
PODLASKIE,0,2022,1143355,11.43355
PODLASKIE,0,2023,1138216,11.38216
PODLASKIE,0,2024,1132641,11.32641
PODKARPACKIE,0,2016,2127656,21.27656
PODKARPACKIE,0,2017,2129138,21.29138
PODKARPACKIE,0,2018,2129015,21.29015
PODKARPACKIE,0,2019,2127164,21.27164
PODKARPACKIE,0,2020,2096166,20.96166
PODKARPACKIE,0,2021,2085932,20.85932
PODKARPACKIE,0,2022,2079098,20.79098
PODKARPACKIE,0,2023,2071676,20.71676
PODKARPACKIE,0,2024,2062997,20.62997
OPOLSKIE,0,2016,993036,9.93036
OPOLSKIE,0,2017,990069,9.90069
OPOLSKIE,0,2018,986506,9.86506
OPOLSKIE,0,2019,982626,9.82626
OPOLSKIE,0,2020,955844,9.55844
OPOLSKIE,0,2021,948583,9.48583
OPOLSKIE,0,2022,942441,9.42441
OPOLSKIE,0,2023,936725,9.36725
OPOLSKIE,0,2024,930296,9.30296
MAZOWIECKIE,0,2016,5365898,53.65898
MAZOWIECKIE,0,2017,5384617,53.84617
MAZOWIECKIE,0,2018,5403412,54.03412
MAZOWIECKIE,0,2019,5423168,54.23168
MAZOWIECKIE,0,2020,5517616,55.17616
MAZOWIECKIE,0,2021,5512794,55.12794
MAZOWIECKIE,0,2022,5510612,55.10612
MAZOWIECKIE,0,2023,5510527,55.10527
MAZOWIECKIE,0,2024,5508322,55.08322
MAŁOPOLSKIE,0,2016,3382260,33.8226
MAŁOPOLSKIE,0,2017,3391380,33.9138
MAŁOPOLSKIE,0,2018,3400577,34.00577
MAŁOPOLSKIE,0,2019,3410901,34.10901
MAŁOPOLSKIE,0,2020,3432692,34.32692
MAŁOPOLSKIE,0,2021,3430370,34.3037
MAŁOPOLSKIE,0,2022,3429014,34.29014
MAŁOPOLSKIE,0,2023,3429632,34.29632
MAŁOPOLSKIE,0,2024,3429084,34.29084
ŁÓDZKIE,0,2016,2485323,24.85323
ŁÓDZKIE,0,2017,2476315,24.76315
ŁÓDZKIE,0,2018,2466322,24.66322
ŁÓDZKIE,0,2019,2454779,24.54779
ŁÓDZKIE,0,2020,2415816,24.15816
ŁÓDZKIE,0,2021,2394946,23.94946
ŁÓDZKIE,0,2022,2378483,23.78483
ŁÓDZKIE,0,2023,2362519,23.62519
ŁÓDZKIE,0,2024,2345924,23.45924
LUBUSKIE,0,2016,1017376,10.17376
LUBUSKIE,0,2017,1016832,10.16832
LUBUSKIE,0,2018,1014548,10.14548
LUBUSKIE,0,2019,1011592,10.11592
LUBUSKIE,0,2020,993329,9.93329
LUBUSKIE,0,2021,985487,9.85487
LUBUSKIE,0,2022,979976,9.79976
LUBUSKIE,0,2023,975023,9.75023
LUBUSKIE,0,2024,969819,9.69819
LUBELSKIE,0,2016,2133340,21.3334
LUBELSKIE,0,2017,2126317,21.26317
LUBELSKIE,0,2018,2117619,21.17619
LUBELSKIE,0,2019,2108270,21.0827
LUBELSKIE,0,2020,2056908,20.56908
LUBELSKIE,0,2021,2038299,20.38299
LUBELSKIE,0,2022,2024637,20.24637
LUBELSKIE,0,2023,2011047,20.11047
LUBELSKIE,0,2024,1996440,19.9644
KUJAWSKO-POMORSKIE,0,2016,2083927,20.83927
KUJAWSKO-POMORSKIE,0,2017,2082944,20.82944
KUJAWSKO-POMORSKIE,0,2018,2077775,20.77775
KUJAWSKO-POMORSKIE,0,2019,2072373,20.72373
KUJAWSKO-POMORSKIE,0,2020,2031550,20.3155
KUJAWSKO-POMORSKIE,0,2021,2017720,20.1772
KUJAWSKO-POMORSKIE,0,2022,2006876,20.06876
KUJAWSKO-POMORSKIE,0,2023,1996003,19.96003
KUJAWSKO-POMORSKIE,0,2024,1984479,19.84479
DOLNOŚLĄSKIE,0,2016,2903710,29.0371
DOLNOŚLĄSKIE,0,2017,2902547,29.02547
DOLNOŚLĄSKIE,0,2018,2901225,29.01225
DOLNOŚLĄSKIE,0,2019,2900163,29.00163
DOLNOŚLĄSKIE,0,2020,2908378,29.08378
DOLNOŚLĄSKIE,0,2021,2897737,28.97737
DOLNOŚLĄSKIE,0,2022,2888033,28.88033
DOLNOŚLĄSKIE,0,2023,2879271,28.79271
DOLNOŚLĄSKIE,0,2024,2868242,28.68242
POMORSKIE,0,2016,2315611,23.15611
POMORSKIE,0,2017,2324251,23.24251
POMORSKIE,0,2018,2333523,23.33523
POMORSKIE,0,2019,2343928,23.43928
POMORSKIE,0,2020,2358256,23.58256
POMORSKIE,0,2021,2358726,23.58726
POMORSKIE,0,2022,2358307,23.58307
POMORSKIE,0,2023,2359573,23.59573
POMORSKIE,0,2024,2359493,23.59493
ŚLĄSKIE,0,2016,4559164,45.59164
ŚLĄSKIE,0,2017,4548180,45.4818
ŚLĄSKIE,0,2018,4533565,45.33565
ŚLĄSKIE,0,2019,4517635,45.17635
ŚLĄSKIE,0,2020,4412097,44.12097
ŚLĄSKIE,0,2021,4375947,43.75947
ŚLĄSKIE,0,2022,4346702,43.46702
ŚLĄSKIE,0,2023,4320130,43.2013
ŚLĄSKIE,0,2024,4291441,42.91441
ŚWIĘTOKRZYSKIE,0,2016,1252900,12.529
ŚWIĘTOKRZYSKIE,0,2017,1247732,12.47732
ŚWIĘTOKRZYSKIE,0,2018,1241546,12.41546
ŚWIĘTOKRZYSKIE,0,2019,1233961,12.33961
ŚWIĘTOKRZYSKIE,0,2020,1199584,11.99584
ŚWIĘTOKRZYSKIE,0,2021,1187693,11.87693
ŚWIĘTOKRZYSKIE,0,2022,1178164,11.78164
ŚWIĘTOKRZYSKIE,0,2023,1168499,11.68499
ŚWIĘTOKRZYSKIE,0,2024,1157991,11.57991
WARMIŃSKO-MAZURSKIE,0,2016,1436367,14.36367
WARMIŃSKO-MAZURSKIE,0,2017,1433945,14.33945
WARMIŃSKO-MAZURSKIE,0,2018,1428983,14.28983
WARMIŃSKO-MAZURSKIE,0,2019,1422737,14.22737
WARMIŃSKO-MAZURSKIE,0,2020,1385622,13.85622
WARMIŃSKO-MAZURSKIE,0,2021,1374699,13.74699
WARMIŃSKO-MAZURSKIE,0,2022,1366430,13.6643
WARMIŃSKO-MAZURSKIE,0,2023,1357910,13.5791
WARMIŃSKO-MAZURSKIE,0,2024,1349172,13.49172
WIELKOPOLSKIE,0,2016,3481625,34.81625
WIELKOPOLSKIE,0,2017,3489210,34.8921
WIELKOPOLSKIE,0,2018,3493969,34.93969
WIELKOPOLSKIE,0,2019,3498733,34.98733
WIELKOPOLSKIE,0,2020,3507042,35.07042
WIELKOPOLSKIE,0,2021,3500030,35.0003
WIELKOPOLSKIE,0,2022,3493577,34.93577
WIELKOPOLSKIE,0,2023,3487973,34.87973
WIELKOPOLSKIE,0,2024,3479986,34.79986
ZACHODNIOPOMORSKIE,0,2016,1708174,17.08174
ZACHODNIOPOMORSKIE,0,2017,1705533,17.05533
ZACHODNIOPOMORSKIE,0,2018,1701030,17.0103
ZACHODNIOPOMORSKIE,0,2019,1696193,16.96193
ZACHODNIOPOMORSKIE,0,2020,1661073,16.61073
ZACHODNIOPOMORSKIE,0,2021,1650021,16.50021
ZACHODNIOPOMORSKIE,0,2022,1640622,16.40622
ZACHODNIOPOMORSKIE,0,2023,1631784,16.31784
ZACHODNIOPOMORSKIE,0,2024,1622760,16.2276
POLSKA,0,2016,38432992,384.32992
POLSKA,0,2017,38433558,384.33558
POLSKA,0,2018,38411148,384.11148
POLSKA,0,2019,38382576,383.82576
POLSKA,0,2020,38088564,380.88564
POLSKA,0,2021,37907704,379.07704
POLSKA,0,2022,37766327,377.66327
POLSKA,0,2023,37636508,376.36508
POLSKA,0,2024,37489087,374.89087
